{"latitud":{"(0,)":41.3708117976,"(1,)":41.3701442972,"(2,)":41.3699538881,"(3,)":41.3694005882,"(4,)":41.3718026424,"(5,)":41.3715908378,"(6,)":41.3708897553,"(7,)":41.3715461132,"(8,)":41.370462909,"(9,)":41.3701364357,"(10,)":41.3686430405,"(11,)":41.3686593268,"(12,)":41.3673046903,"(13,)":41.3698786336,"(14,)":41.3692900848,"(15,)":41.3658699749,"(16,)":41.3665680592,"(17,)":41.3666245294,"(18,)":41.3670830623,"(19,)":41.3674779634,"(20,)":41.3686709364,"(21,)":41.369112559,"(22,)":41.3695473805,"(23,)":41.3704479366,"(24,)":41.3703860467,"(25,)":41.3715902521,"(26,)":41.3630031574,"(27,)":41.3841360625,"(28,)":41.3813343472,"(29,)":41.3825594769,"(30,)":41.3670448258,"(31,)":41.3666646401,"(32,)":41.3627831173,"(33,)":41.3631832527,"(34,)":41.3645050184,"(35,)":41.3648565529,"(36,)":41.364571739,"(37,)":41.365421241,"(38,)":41.3677019687,"(39,)":41.3853355466,"(40,)":41.3788644293,"(41,)":41.3791716056,"(42,)":41.3795890622,"(43,)":41.3807160718,"(44,)":41.3787300413,"(45,)":41.3780609378,"(46,)":41.3801046171,"(47,)":41.3815793529,"(48,)":41.3809778765,"(49,)":41.3797218325,"(50,)":41.3806277976,"(51,)":41.3803799987,"(52,)":41.3797990547,"(53,)":41.3843353775,"(54,)":41.3810711025,"(55,)":41.3810111786,"(56,)":41.3809888189,"(57,)":41.3799919065,"(58,)":41.3857822726,"(59,)":41.4042896205,"(60,)":41.4036755723,"(61,)":41.403147738,"(62,)":41.3783471778,"(63,)":41.3790674686,"(64,)":41.3789806792,"(65,)":41.3794223851,"(66,)":41.3761076952,"(67,)":41.3768518713,"(68,)":41.3775405367,"(69,)":41.3776746646,"(70,)":41.3785319881,"(71,)":41.376144246,"(72,)":41.3768124431,"(73,)":41.377629547,"(74,)":41.3760834778,"(75,)":41.3769262966,"(76,)":41.3777547629,"(77,)":41.3762077377,"(78,)":41.3770434456,"(79,)":41.3777618281,"(80,)":41.3778270878,"(81,)":41.3778230625,"(82,)":41.3771587139,"(83,)":41.3770300199,"(84,)":41.3772373813,"(85,)":41.3779081834,"(86,)":41.3779786425,"(87,)":41.3780430347,"(88,)":41.3780967271,"(89,)":41.3781606223,"(90,)":41.3781614781,"(91,)":41.3790695214,"(92,)":41.3791587286,"(93,)":41.3791810101,"(94,)":41.3801923885,"(95,)":41.3801722743,"(96,)":41.3801034391,"(97,)":41.3800948414,"(98,)":41.3800499418,"(99,)":41.3800015792,"(100,)":41.3799631062,"(101,)":41.3798863304,"(102,)":41.3798769219,"(103,)":41.3798909794,"(104,)":41.3813216808,"(105,)":41.3811513935,"(106,)":41.3810729045,"(107,)":41.3810700938,"(108,)":41.3810801565,"(109,)":41.3810332249,"(110,)":41.3810045462,"(111,)":41.3809882666,"(112,)":41.3820069858,"(113,)":41.3831661904,"(114,)":41.3849438527,"(115,)":41.3891666147,"(116,)":41.3887504254,"(117,)":41.3859696282,"(118,)":41.3869992086},"longitud":{"(0,)":2.1738835743,"(1,)":2.1737751218,"(2,)":2.173771745,"(3,)":2.1736258303,"(4,)":2.1695965394,"(5,)":2.1694983684,"(6,)":2.1676517961,"(7,)":2.1697715489,"(8,)":2.1654996425,"(9,)":2.1657390574,"(10,)":2.1570984854,"(11,)":2.1560411413,"(12,)":2.1578046182,"(13,)":2.1681421499,"(14,)":2.1702590021,"(15,)":2.1649541403,"(16,)":2.163927044,"(17,)":2.1653846156,"(18,)":2.1458292414,"(19,)":2.1475492527,"(20,)":2.1548422075,"(21,)":2.1554833384,"(22,)":2.1571461206,"(23,)":2.1560297429,"(24,)":2.1548112558,"(25,)":2.1537667641,"(26,)":2.1547489993,"(27,)":2.1710789478,"(28,)":2.1754216578,"(29,)":2.1769687546,"(30,)":2.1638310053,"(31,)":2.1613917208,"(32,)":2.1612013193,"(33,)":2.1576327795,"(34,)":2.1628324914,"(35,)":2.1648976531,"(36,)":2.1639530255,"(37,)":2.1674398972,"(38,)":2.1425546275,"(39,)":2.163435373,"(40,)":2.1636719929,"(41,)":2.1648279771,"(42,)":2.1672723121,"(43,)":2.1731476573,"(44,)":2.1716655526,"(45,)":2.1709458764,"(46,)":2.1796986542,"(47,)":2.175955716,"(48,)":2.1771206268,"(49,)":2.1803633313,"(50,)":2.1812539966,"(51,)":2.1779431943,"(52,)":2.1793784602,"(53,)":2.1752892928,"(54,)":2.1668576421,"(55,)":2.157844012,"(56,)":2.1578604785,"(57,)":2.1592002241,"(58,)":2.1701331119,"(59,)":2.1747251039,"(60,)":2.1735026008,"(61,)":2.1736782262,"(62,)":2.1909506845,"(63,)":2.1905928779,"(64,)":2.188542562,"(65,)":2.1906018647,"(66,)":2.1893810169,"(67,)":2.1890911697,"(68,)":2.188829523,"(69,)":2.1887741088,"(70,)":2.1884216266,"(71,)":2.1895748365,"(72,)":2.1892907353,"(73,)":2.1889745491,"(74,)":2.189799918,"(75,)":2.1894570507,"(76,)":2.1891146424,"(77,)":2.1899321992,"(78,)":2.1899786965,"(79,)":2.1894948727,"(80,)":2.189654921,"(81,)":2.1898587689,"(82,)":2.1901301579,"(83,)":2.1903549757,"(84,)":2.1906480089,"(85,)":2.1900075463,"(86,)":2.1903416016,"(87,)":2.1905092611,"(88,)":2.1906770418,"(89,)":2.1908271788,"(90,)":2.1910146955,"(91,)":2.1908331679,"(92,)":2.1910137158,"(93,)":2.1912198321,"(94,)":2.1919385331,"(95,)":2.1917299583,"(96,)":2.1915915589,"(97,)":2.1913878522,"(98,)":2.1912478038,"(99,)":2.1910705777,"(100,)":2.1908790543,"(101,)":2.1907474401,"(102,)":2.1905237249,"(103,)":2.1903510968,"(104,)":2.1892032896,"(105,)":2.1885216072,"(106,)":2.1883687212,"(107,)":2.1881734788,"(108,)":2.1879884064,"(109,)":2.1878111134,"(110,)":2.1876401226,"(111,)":2.1874798318,"(112,)":2.188930617,"(113,)":2.1846573625,"(114,)":2.1825134861,"(115,)":2.1798859036,"(116,)":2.1795632947,"(117,)":2.1862744303,"(118,)":2.1885827566},"calle":{"(0,)":"ctra de miramar","(1,)":"ctra de miramar","(2,)":"ctra de miramar","(3,)":"ctra de miramar","(4,)":"passeig de montjuic","(5,)":"carretera de montjuic","(6,)":"carrer de la font trobada","(7,)":"carretera de montjuic","(8,)":"passeig de miramar","(9,)":"passeig de miramar","(10,)":"passeig de santa madrona","(11,)":"passeig de santa madrona","(12,)":"passeig de santa madrona","(13,)":"crta de montjuic","(14,)":"crta de montjuic","(15,)":"carrer dels tarongers","(16,)":"carrer dels tarongers","(17,)":"carrer dels tarongers","(18,)":"av dels montanyans","(19,)":"av dels montanyans","(20,)":"av dels montanyans","(21,)":"av dels montanyans","(22,)":"carrer de lleida","(23,)":"passeig de Santa Madrona","(24,)":"passeig de jean forestier","(25,)":"placa de carles buigas","(26,)":"parc de Montju\u00efc","(27,)":"la ramba","(28,)":"calle de ferr\u00e1n","(29,)":"plaza de san jaime","(30,)":"carrer doctor font i quer","(31,)":"carrer doctor font i quer","(32,)":"carrer de can valero","(33,)":"carrer de can valero","(34,)":"passeig del migdia","(35,)":"passeig del migdia","(36,)":"carrer del castell","(37,)":"crta de montjuic","(38,)":"carrer de la font florida","(39,)":"plaza de la universidad","(40,)":"carrer de sant antoni abat","(41,)":"carrer de sant antoni abat","(42,)":"carrer de l'hopital","(43,)":"carrer de sant pau","(44,)":"carrer de sant pau","(45,)":"carrer de sant pau","(46,)":"carrer ample","(47,)":"carrer d'aviny\u00f3","(48,)":"carrer d'aviny\u00f3","(49,)":"carrer d'aviny\u00f3","(50,)":"carrer d'en gign\u00e0s","(51,)":"carrer d'en carabassa","(52,)":"carrer d'en carabassa","(53,)":"pla\u00e7a nova","(54,)":"carrer del peu de la creu","(55,)":"carrer del comte borrell","(56,)":"carrer del comte borrell","(57,)":"carrer del comte borrell","(58,)":"plaza de catalu\u00f1a","(59,)":"carrer de la marina","(60,)":"calle provenza","(61,)":"carrer de sardenya","(62,)":"carrer de guitert","(63,)":"carrer de guitert","(64,)":"carrer de sant carles","(65,)":"carrer de sant carles","(66,)":"carrer del mar","(67,)":"carrer del mar","(68,)":"carrer del mar","(69,)":"carrer del mar","(70,)":"carrer del mar","(71,)":"carrer de sant elm","(72,)":"carrer de sant elm","(73,)":"carrer de sant elm","(74,)":"carrer de san miquel","(75,)":"carrer de san miquel","(76,)":"carrer de san miquel","(77,)":"carrer dels pescadors","(78,)":"carrer de sevilla","(79,)":"carrer del comte de santa clara","(80,)":"carrer de sevilla","(81,)":"carrer del baluard","(82,)":"carrer del baluard","(83,)":"carrer de la mestran\u00e7a","(84,)":"carrer de pontevedra","(85,)":"carrer de la mestran\u00e7a","(86,)":"carrer de pontevedra","(87,)":"carrer de l'atlantida","(88,)":"carrer de vinaros","(89,)":"carrer de grau i torras","(90,)":"carrer de guitert","(91,)":"carrer de la vila joiosa","(92,)":"carrer d'alcanar",