{"latitud":{"(0,)":41.3918655408,"(1,)":41.3916097165,"(2,)":41.3913483298,"(3,)":41.390574714,"(4,)":41.3903166734,"(5,)":41.3899226855,"(6,)":41.3896723831,"(7,)":41.3889141953,"(8,)":41.3888626005,"(9,)":41.386656077,"(10,)":41.3844336329,"(11,)":41.3832208245,"(12,)":41.3830534783,"(13,)":41.3822598028,"(14,)":41.3818853736,"(15,)":41.377997343,"(16,)":41.3789255663,"(17,)":41.3783850039},"longitud":{"(0,)":2.1806167492,"(1,)":2.1805926564,"(2,)":2.1802775973,"(3,)":2.1812561117,"(4,)":2.1808807566,"(5,)":2.1813970247,"(6,)":2.1813350925,"(7,)":2.1814862336,"(8,)":2.181399014,"(9,)":2.1821448234,"(10,)":2.184917249,"(11,)":2.18392189,"(12,)":2.1838877018,"(13,)":2.1856447927,"(14,)":2.1866188328,"(15,)":2.1881997099,"(16,)":2.1921647562,"(17,)":2.1924771003},"calle":{"(0,)":"arc de triomf","(1,)":"av de vilanova","(2,)":"parque","(3,)":"parque","(4,)":"passeig de lluis companys","(5,)":"passeig de lluis companys","(6,)":"carrer del comer\u00e7","(7,)":"carrer del comer\u00e7","(8,)":"carrer del comer\u00e7","(9,)":"carrer del comer\u00e7","(10,)":"av del marques de l'argentera","(11,)":"av del marques de l'argentera","(12,)":"pla de palau","(13,)":"pla de palau","(14,)":"paseo juan de borbon","(15,)":"paseo juan de borbon","(16,)":"pepe rubianes","(17,)":"playa de la Barceloneta"}}